trial_id,byzantine_nodes,byzantine_strategies,n_coherent_flip,n_equivocate,n_withhold,detected_nodes,n_detected,n_undetected_byz,true_all_outcomes,reported_ctrl,recovered_ctrl,M_X_true,M_Z_true,M_X_reported,M_Z_reported,M_X_recovered,M_Z_recovered,M_correct_before,M_correct_after,fidelity_before,fidelity_after,noise_level,n_controllers,max_byzantine,is_trap,trap_detected,input_state,sweep_noise
0,"[1, 5]","{1: 'withhold', 5: 'equivocate'}",0,1,1,"[1, 5]",2,0,"[1, 0, 1, 1, 0, 1, 0, 1, 1, 0]","[1, 1, 0, 1, 1, 1, 1, 0]","[1, 1, 0, 1, 0, 1, 1, 0]",1,1,1,0,1,1,0,1,0.28713667453659303,0.9628633254634071,0.0,8,2,False,False,psi,0.0
1,"[1, 3]","{3: 'equivocate', 1: 'withhold'}",0,1,1,"[1, 3]",2,0,"[1, 0, 0, 0, 0, 0, 0, 0, 0, 0]","[0, 0, 1, 0, 0, 0, 0, 0]","[0, 0, 0, 0, 0, 0, 0, 0]",0,1,0,0,0,1,0,1,0.2871366745365933,0.962863325463407,0.0,8,2,False,False,psi,0.0
2,"[3, 5]","{5: 'equivocate', 3: 'coherent_flip'}",1,1,0,[5],1,1,"[0, 0, 0, 0, 1, 1, 0, 1, 1, 0]","[0, 0, 0, 1, 1, 1, 1, 0]","[0, 0, 0, 1, 0, 1, 1, 0]",0,0,0,0,0,1,1,0,0.9628633254634072,0.2871366745365932,0.0,8,2,False,False,psi,0.0
3,"[1, 6]","{1: 'coherent_flip', 6: 'equivocate'}",1,1,0,[6],1,1,"[0, 1, 1, 0, 1, 1, 1, 1, 1, 0]","[0, 0, 1, 1, 1, 0, 1, 0]","[0, 0, 1, 1, 1, 1, 1, 0]",1,0,0,1,1,1,0,0,0.2915546497663821,0.2871366745365931,0.0,8,2,False,False,psi,0.0
4,"[6, 8]","{6: 'equivocate', 8: 'withhold'}",0,1,1,"[6, 8]",2,0,"[0, 0, 1, 0, 0, 1, 1, 0, 0, 1]","[1, 0, 0, 1, 1, 1, 0, 1]","[1, 0, 0, 1, 1, 0, 0, 1]",0,0,1,0,0,0,0,1,0.458445350233618,0.9628633254634071,0.0,8,2,False,False,psi,0.0
5,"[6, 8]","{6: 'withhold', 8: 'coherent_flip'}",1,0,1,[6],1,1,"[0, 1, 0, 1, 0, 1, 0, 0, 0, 1]","[0, 1, 0, 1, 0, 0, 0, 0]","[0, 1, 0, 1, 0, 0, 0, 0]",0,0,1,0,1,0,0,0,0.4584453502336178,0.4584453502336178,0.0,8,2,False,False,psi,0.0
6,"[1, 8]","{1: 'coherent_flip', 8: 'coherent_flip'}",2,0,0,[],0,2,"[1, 0, 1, 1, 1, 1, 1, 0, 1, 0]","[0, 1, 1, 1, 1, 0, 1, 1]","[0, 1, 1, 1, 1, 0, 1, 1]",0,1,1,0,1,0,0,0,0.2915546497663819,0.2915546497663819,0.0,8,2,False,False,psi,0.0
7,"[7, 8]","{7: 'withhold', 8: 'equivocate'}",0,1,1,"[7, 8]",2,0,"[1, 0, 1, 1, 0, 0, 0, 1, 1, 1]","[1, 1, 0, 0, 0, 1, 1, 0]","[1, 1, 0, 0, 0, 1, 1, 1]",1,1,0,1,1,1,0,1,0.4584453502336179,0.9628633254634072,0.0,8,2,False,False,psi,0.0
8,"[5, 6]","{6: 'equivocate', 5: 'equivocate'}",0,2,0,"[5, 6]",2,0,"[1, 1, 1, 1, 0, 0, 1, 0, 0, 1]","[1, 1, 0, 0, 0, 1, 0, 1]","[1, 1, 0, 0, 1, 0, 0, 1]",1,1,0,0,1,1,0,1,0.2915546497663819,0.9628633254634072,0.0,8,2,False,False,psi,0.0
9,"[3, 7]","{3: 'coherent_flip', 7: 'withhold'}",1,0,1,[7],1,1,"[1, 1, 0, 0, 1, 1, 0, 1, 0, 0]","[0, 0, 0, 1, 0, 1, 0, 0]","[0, 0, 0, 1, 0, 1, 0, 0]",1,0,1,1,1,1,0,0,0.287136674536593,0.287136674536593,0.0,8,2,False,False,psi,0.0
10,"[1, 2]","{1: 'withhold', 2: 'equivocate'}",0,1,1,"[1, 2]",2,0,"[0, 0, 0, 1, 0, 1, 0, 0, 1, 0]","[0, 0, 0, 1, 0, 0, 1, 0]","[0, 1, 0, 1, 0, 0, 1, 0]",0,1,1,1,0,1,0,1,0.4584453502336178,0.9628633254634069,0.0,8,2,False,False,psi,0.0
11,"[5, 8]","{8: 'equivocate', 5: 'equivocate'}",0,2,0,"[5, 8]",2,0,"[1, 0, 1, 1, 0, 1, 0, 1, 0, 0]","[1, 1, 0, 1, 1, 1, 0, 1]","[1, 1, 0, 1, 0, 1, 0, 0]",1,0,0,1,1,0,0,1,0.2915546497663821,0.9628633254634072,0.0,8,2,False,False,psi,0.0
12,"[1, 4]","{4: 'equivocate', 1: 'equivocate'}",0,2,0,"[1, 4]",2,0,"[1, 1, 1, 1, 1, 0, 1, 1, 0, 0]","[0, 1, 1, 1, 1, 1, 0, 0]","[1, 1, 1, 0, 1, 1, 0, 0]",1,0,0,1,1,0,0,1,0.2915546497663819,0.9628633254634071,0.0,8,2,False,False,psi,0.0
13,"[5, 7]","{5: 'equivocate', 7: 'coherent_flip'}",1,1,0,[5],1,1,"[1, 1, 1, 0, 1, 1, 0, 1, 0, 1]","[1, 0, 1, 1, 1, 1, 1, 1]","[1, 0, 1, 1, 0, 1, 1, 1]",0,1,0,1,0,0,1,0,0.9628633254634072,0.2871366745365933,0.0,8,2,False,False,psi,0.0
14,"[1, 6]","{6: 'withhold', 1: 'withhold'}",0,0,2,"[1, 6]",2,0,"[0, 0, 1, 1, 1, 1, 1, 0, 1, 1]","[1, 1, 1, 1, 1, 0, 1, 1]","[1, 1, 1, 1, 1, 0, 1, 1]",1,0,1,0,1,0,1,1,0.962863325463407,0.962863325463407,0.0,8,2,False,False,psi,0.0
15,"[2, 3]","{3: 'coherent_flip', 2: 'coherent_flip'}",2,0,0,[],0,2,"[0, 0, 1, 0, 1, 0, 1, 1, 1, 0]","[1, 1, 0, 0, 1, 1, 1, 0]","[1, 1, 0, 0, 1, 1, 1, 0]",1,0,0,1,0,1,0,0,0.29155464976638207,0.29155464976638207,0.0,8,2,False,False,psi,0.0
16,"[4, 8]","{4: 'equivocate', 8: 'equivocate'}",0,2,0,"[4, 8]",2,0,"[1, 1, 1, 0, 1, 0, 1, 0, 1, 1]","[1, 0, 1, 1, 1, 0, 1, 0]","[1, 0, 1, 0, 1, 0, 1, 1]",0,1,0,1,0,1,1,1,0.9628633254634072,0.9628633254634072,0.0,8,2,False,False,psi,0.0
17,"[1, 5]","{1: 'equivocate', 5: 'coherent_flip'}",1,1,0,[1],1,1,"[0, 1, 0, 1, 0, 0, 0, 0, 0, 0]","[1, 1, 0, 0, 1, 0, 0, 0]","[0, 1, 0, 0, 1, 0, 0, 0]",0,0,0,0,0,1,1,0,0.9628633254634071,0.28713667453659303,0.0,8,2,False,False,psi,0.0
18,"[3, 6]","{3: 'withhold', 6: 'equivocate'}",0,1,1,"[3, 6]",2,0,"[1, 0, 0, 0, 0, 1, 0, 0, 0, 1]","[0, 0, 0, 1, 0, 1, 0, 1]","[0, 0, 0, 1, 0, 0, 0, 1]",0,1,1,1,0,1,0,1,0.4584453502336177,0.962863325463407,0.0,8,2,False,False,psi,0.0
19,"[5, 6]","{5: 'coherent_flip', 6: 'coherent_flip'}",2,0,0,[],0,2,"[1, 0, 1, 1, 1, 1, 0, 0, 0, 0]","[1, 1, 1, 1, 1, 1, 0, 0]","[1, 1, 1, 1, 1, 1, 0, 0]",0,1,1,0,1,0,0,0,0.2915546497663819,0.2915546497663819,0.0,8,2,False,False,psi,0.0
0,"[5, 7]","{5: 'withhold', 7: 'withhold'}",0,0,2,"[5, 7]",2,0,"[1, 0, 1, 0, 0, 1, 1, 0, 0, 1]","[1, 0, 0, 1, 1, 0, 0, 0]","[1, 0, 0, 1, 1, 0, 0, 0]",0,1,1,1,1,1,0,0,0.46990882406691237,0.46990882406691237,0.005,8,2,False,False,psi,0.005
1,"[7, 8]","{8: 'equivocate', 7: 'equivocate'}",0,2,0,"[7, 8]",2,0,"[1, 1, 0, 1, 0, 0, 1, 1, 1, 0]","[0, 1, 0, 0, 1, 1, 0, 1]","[0, 1, 0, 0, 1, 1, 1, 0]",1,1,0,0,1,1,0,1,0.3171944789348773,0.8888720778234346,0.005,8,2,False,False,psi,0.005
2,"[1, 8]","{8: 'coherent_flip', 1: 'withhold'}",1,0,1,[1],1,1,"[0, 0, 0, 1, 1, 1, 0, 1, 0, 1]","[0, 1, 1, 1, 0, 1, 0, 0]","[0, 1, 1, 1, 0, 1, 0, 0]",0,1,1,1,1,1,0,0,0.4699088240669124,0.4699088240669124,0.005,8,2,False,False,psi,0.005
3,"[1, 6]","{1: 'equivocate', 6: 'withhold'}",0,1,1,"[1, 6]",2,0,"[0, 1, 0, 1, 1, 0, 1, 0, 0, 1]","[1, 1, 1, 0, 1, 0, 1, 1]","[0, 1, 1, 0, 1, 0, 1, 1]",1,0,1,0,1,1,1,0,0.9279330592928846,0.07206694070711515,0.005,8,2,True,True,plus,0.005
4,"[4, 8]","{8: 'equivocate', 4: 'equivocate'}",0,2,0,"[4, 8]",2,0,"[0, 1, 0, 1, 1, 0, 0, 0, 1, 0]","[0, 1, 1, 1, 0, 0, 1, 1]","[0, 1, 1, 0, 0, 0, 1, 0]",0,0,0,0,0,0,1,1,0.8888720778234347,0.8888720778234347,0.005,8,2,False,False,psi,0.005
5,"[3, 7]","{3: 'withhold', 7: 'withhold'}",0,0,2,"[3, 7]",2,0,"[0, 0, 0, 0, 1, 1, 0, 0, 1, 0]","[0, 0, 1, 1, 0, 0, 1, 0]","[0, 0, 1, 1, 0, 0, 1, 0]",1,0,1,0,1,0,1,1,0.9300834766762662,0.9300834766762662,0.005,8,2,True,False,zero,0.005
6,"[2, 7]","{2: 'equivocate', 7: 'withhold'}",0,1,1,"[2, 7]",2,0,"[1, 1, 1, 1, 0, 1, 1, 1, 0, 1]","[1, 0, 0, 1, 1, 1, 0, 1]","[1, 1, 0, 1, 1, 1, 0, 1]",1,1,0,1,1,1,0,1,0.4699088240669123,0.8888720778234346,0.005,8,2,False,False,psi,0.005
7,"[2, 6]","{2: 'withhold', 6: 'withhold'}",0,0,2,"[2, 6]",2,0,"[1, 0, 0, 0, 1, 0, 1, 1, 0, 1]","[0, 0, 1, 0, 1, 1, 0, 1]","[0, 0, 1, 0, 1, 1, 0, 1]",0,1,0,1,0,1,1,1,0.8888720778234348,0.8888720778234348,0.005,8,2,False,False,psi,0.005
8,"[2, 4]","{2: 'withhold', 4: 'equivocate'}",0,1,1,"[2, 4]",2,0,"[0, 1, 1, 0, 1, 1, 1, 0, 1, 1]","[1, 0, 1, 0, 1, 0, 1, 1]","[1, 0, 1, 1, 1, 0, 1, 1]",1,0,0,0,1,0,0,1,0.46990882406691253,0.8888720778234347,0.005,8,2,False,False,psi,0.005
9,"[2, 6]","{2: 'coherent_flip', 6: 'equivocate'}",1,1,0,[6],1,1,"[1, 0, 0, 0, 0, 1, 0, 0, 0, 1]","[0, 1, 0, 1, 0, 1, 0, 1]","[0, 1, 0, 1, 0, 0, 0, 1]",0,1,0,1,1,1,1,0,0.8888720778234347,0.4699088240669124,0.005,8,2,False,False,psi,0.005
10,"[6, 7]","{6: 'equivocate', 7: 'coherent_flip'}",1,1,0,[6],1,1,"[0, 0, 0, 1, 0, 0, 0, 0, 0, 1]","[0, 1, 0, 0, 0, 1, 1, 1]","[0, 1, 0, 0, 0, 0, 1, 1]",0,0,1,1,0,1,0,0,0.3171944789348776,0.32402461917477576,0.005,8,2,False,False,psi,0.005
11,"[1, 6]","{6: 'withhold', 1: 'coherent_flip'}",1,0,1,[6],1,1,"[1, 0, 0, 0, 1, 0, 0, 1, 0, 0]","[1, 0, 1, 1, 0, 1, 0, 0]","[1, 0, 1, 1, 0, 1, 0, 0]",1,0,0,1,0,1,0,0,0.3171944789348773,0.3171944789348773,0.005,8,2,False,False,psi,0.005
12,"[3, 8]","{8: 'equivocate', 3: 'equivocate'}",0,2,0,"[3, 8]",2,0,"[0, 0, 1, 0, 1, 0, 1, 1, 0, 1]","[1, 0, 0, 0, 0, 1, 0, 0]","[1, 0, 1, 0, 0, 1, 0, 1]",0,1,1,1,0,0,0,0,0.46990882406691237,0.32402461917477576,0.005,8,2,False,False,psi,0.005
13,"[2, 6]","{2: 'equivocate', 6: 'coherent_flip'}",1,1,0,[2],1,1,"[0, 0, 0, 0, 1, 1, 1, 0, 1, 1]","[0, 1, 1, 1, 1, 1, 1, 1]","[0, 0, 1, 1, 1, 1, 1, 1]",0,1,0,1,1,1,1,0,0.8888720778234347,0.4699088240669125,0.005,8,2,False,False,psi,0.005
14,"[1, 3]","{1: 'equivocate', 3: 'withhold'}",0,1,1,"[1, 3]",2,0,"[0, 0, 1, 1, 1, 0, 0, 0, 1, 0]","[0, 1, 1, 0, 0, 0, 1, 0]","[1, 1, 1, 0, 0, 0, 1, 0]",1,1,1,0,1,1,0,1,0.3240246191747759,0.8888720778234345,0.005,8,2,False,False,psi,0.005
15,"[4, 5]","{4: 'coherent_flip', 5: 'withhold'}",1,0,1,[5],1,1,"[1, 1, 0, 0, 0, 1, 0, 1, 1, 1]","[0, 0, 0, 0, 0, 1, 1, 1]","[0, 0, 0, 0, 0, 1, 1, 1]",0,0,1,0,1,0,0,0,0.46990882406691237,0.46990882406691237,0.005,8,2,False,False,psi,0.005
16,"[3, 6]","{3: 'equivocate', 6: 'equivocate'}",0,2,0,"[3, 6]",2,0,"[0, 1, 1, 0, 1, 0, 0, 1, 1, 1]","[1, 0, 0, 0, 0, 0, 1, 1]","[1, 0, 1, 0, 0, 1, 1, 1]",1,1,0,0,1,1,0,1,0.3171944789348775,0.8888720778234345,0.005,8,2,False,False,psi,0.005
17,"[7, 8]","{7: 'withhold', 8: 'coherent_flip'}",1,0,1,[7],1,1,"[1, 0, 0, 1, 1, 0, 0, 0, 1, 0]","[0, 1, 1, 0, 0, 0, 1, 1]","[0, 1, 1, 0, 0, 0, 1, 1]",1,1,0,1,0,1,0,0,0.4699088240669124,0.4699088240669124,0.005,8,2,False,False,psi,0.005
18,"[2, 7]","{7: 'equivocate', 2: 'equivocate'}",0,2,0,"[2, 7]",2,0,"[1, 0, 1, 0, 1, 0, 0, 0, 0, 0]","[1, 1, 1, 0, 0, 0, 1, 0]","[1, 0, 1, 0, 0, 0, 0, 0]",0,1,1,1,0,0,0,0,0.46990882406691253,0.32402461917477576,0.005,8,2,False,False,psi,0.005
19,"[6, 7]","{6: 'withhold', 7: 'equivocate'}",0,1,1,"[6, 7]",2,0,"[1, 1, 0, 0, 0, 0, 1, 0, 1, 0]","[0, 0, 0, 0, 1, 0, 0, 0]","[0, 0, 0, 0, 1, 0, 1, 0]",1,1,1,0,1,1,0,1,0.3240246191747757,0.8888720778234347,0.005,8,2,False,False,psi,0.005
0,"[3, 8]","{8: 'coherent_flip', 3: 'coherent_flip'}",2,0,0,[],0,2,"[0, 1, 1, 0, 0, 1, 1, 0, 1, 0]","[1, 0, 1, 1, 1, 0, 1, 1]","[1, 0, 1, 1, 1, 0, 1, 1]",0,1,1,0,1,0,0,0,0.3402260605657733,0.3402260605657733,0.01,8,2,False,False,psi,0.01
1,"[1, 8]","{8: 'coherent_flip', 1: 'withhold'}",1,0,1,[1],1,1,"[1, 0, 1, 0, 1, 0, 0, 0, 1, 1]","[1, 0, 1, 0, 0, 0, 1, 0]","[1, 0, 1, 0, 0, 0, 1, 0]",1,0,0,0,0,0,0,0,0.4787136956552873,0.4787136956552873,0.01,8,2,False,False,psi,0.01
2,"[3, 6]","{6: 'equivocate', 3: 'coherent_flip'}",1,1,0,[6],1,1,"[0, 1, 0, 0, 0, 0, 0, 0, 1, 1]","[0, 0, 1, 0, 0, 1, 1, 1]","[0, 0, 1, 0, 0, 0, 1, 1]",0,1,1,0,0,0,0,0,0.3402260605657734,0.35464493332268443,0.01,8,2,False,False,psi,0.01
3,"[6, 8]","{8: 'coherent_flip', 6: 'equivocate'}",1,1,0,[6],1,1,"[0, 0, 0, 0, 0, 0, 1, 0, 1, 0]","[0, 0, 0, 0, 1, 1, 1, 1]","[0, 0, 0, 0, 1, 0, 1, 1]",0,0,0,0,1,0,1,0,0.826415310456255,0.4787136956552874,0.01,8,2,False,False,psi,0.01
4,"[2, 6]","{2: 'withhold', 6: 'equivocate'}",0,1,1,"[2, 6]",2,0,"[0, 1, 0, 0, 0, 1, 1, 1, 1, 0]","[0, 0, 0, 1, 1, 0, 1, 0]","[0, 0, 0, 1, 1, 1, 1, 0]",1,0,0,0,1,0,0,1,0.47871369565528726,0.826415310456255,0.01,8,2,False,False,psi,0.01
5,"[2, 3]","{3: 'withhold', 2: 'equivocate'}",0,1,1,"[2, 3]",2,0,"[1, 0, 1, 0, 1, 0, 0, 0, 1, 1]","[1, 1, 1, 0, 0, 0, 1, 1]","[1, 0, 1, 0, 0, 0, 1, 1]",1,0,0,0,1,0,0,1,0.4787136956552873,0.8264153104562552,0.01,8,2,False,False,psi,0.01
6,"[1, 2]","{2: 'withhold', 1: 'withhold'}",0,0,2,"[1, 2]",2,0,"[0, 1, 1, 0, 1, 0, 0, 0, 0, 0]","[1, 0, 1, 0, 0, 0, 0, 0]","[1, 0, 1, 0, 0, 0, 0, 0]",1,0,1,0,1,0,1,1,0.826415310456255,0.826415310456255,0.01,8,2,False,False,psi,0.01
7,"[1, 5]","{1: 'equivocate', 5: 'withhold'}",0,1,1,"[1, 5]",2,0,"[1, 0, 1, 1, 0, 1, 0, 1, 1, 0]","[0, 1, 0, 1, 0, 1, 1, 1]","[1, 1, 0, 1, 0, 1, 1, 1]",1,1,0,0,0,1,0,0,0.3402260605657733,0.4787136956552872,0.01,8,2,False,False,psi,0.01
8,"[2, 6]","{6: 'equivocate', 2: 'withhold'}",0,1,1,"[2, 6]",2,0,"[0, 0, 0, 0, 0, 0, 1, 1, 0, 1]","[0, 0, 0, 0, 1, 0, 0, 0]","[0, 0, 0, 0, 1, 1, 0, 0]",0,1,0,1,1,1,1,0,0.8264153104562553,0.47871369565528726,0.01,8,2,False,False,psi,0.01
9,"[6, 8]","{6: 'coherent_flip', 8: 'equivocate'}",1,1,0,[8],1,1,"[1, 0, 0, 1, 0, 1, 1, 1, 1, 1]","[0, 1, 0, 1, 1, 0, 1, 0]","[0, 1, 0, 1, 1, 0, 1, 1]",0,1,0,1,1,1,1,0,0.8264153104562553,0.47871369565528726,0.01,8,2,False,False,psi,0.01
10,"[2, 6]","{6: 'coherent_flip', 2: 'coherent_flip'}",2,0,0,[],0,2,"[0, 0, 1, 0, 1, 0, 1, 1, 0, 1]","[1, 1, 1, 0, 1, 0, 0, 1]","[1, 1, 1, 0, 1, 0, 0, 1]",0,1,0,1,0,1,1,1,0.826415310456255,0.826415310456255,0.01,8,2,False,False,psi,0.01
11,"[3, 7]","{7: 'equivocate', 3: 'withhold'}",0,1,1,"[3, 7]",2,0,"[0, 1, 1, 1, 0, 1, 0, 0, 1, 1]","[1, 1, 0, 1, 0, 0, 0, 1]","[1, 1, 0, 1, 0, 0, 1, 1]",0,0,0,1,0,0,0,1,0.35464493332268454,0.8264153104562552,0.01,8,2,False,False,psi,0.01
12,"[1, 8]","{8: 'coherent_flip', 1: 'withhold'}",1,0,1,[1],1,1,"[1, 1, 1, 1, 1, 1, 1, 1, 1, 1]","[1, 1, 1, 1, 1, 1, 1, 0]","[1, 1, 1, 1, 1, 1, 1, 0]",1,1,0,1,0,1,0,0,0.4787136956552873,0.4787136956552873,0.01,8,2,False,False,psi,0.01
13,"[3, 5]","{3: 'coherent_flip', 5: 'equivocate'}",1,1,0,[5],1,1,"[1, 0, 1, 0, 0, 0, 1, 0, 0, 0]","[1, 0, 1, 0, 0, 0, 0, 0]","[1, 0, 1, 0, 1, 0, 0, 0]",0,1,0,1,0,0,1,0,0.8264153104562553,0.3546449333226845,0.01,8,2,False,False,psi,0.01
14,"[5, 7]","{7: 'withhold', 5: 'coherent_flip'}",1,0,1,[7],1,1,"[1, 1, 0, 1, 1, 1, 0, 1, 0, 1]","[0, 1, 1, 1, 1, 1, 0, 1]","[0, 1, 1, 1, 1, 1, 0, 1]",1,0,1,1,1,1,0,0,0.3546449333226845,0.3546449333226845,0.01,8,2,False,False,psi,0.01
15,"[4, 7]","{7: 'coherent_flip', 4: 'withhold'}",1,0,1,[4],1,1,"[1, 0, 0, 1, 0, 1, 0, 1, 0, 1]","[1, 1, 0, 1, 0, 1, 1, 1]","[1, 1, 0, 1, 0, 1, 1, 1]",0,1,0,1,0,1,1,1,0.8264153104562553,0.8264153104562553,0.01,8,2,False,False,psi,0.01
16,"[2, 7]","{7: 'equivocate', 2: 'withhold'}",0,1,1,"[2, 7]",2,0,"[1, 1, 1, 1, 0, 0, 1, 0, 0, 1]","[1, 0, 0, 0, 1, 0, 1, 1]","[1, 0, 0, 0, 1, 0, 0, 1]",1,1,0,0,0,1,0,0,0.3402260605657733,0.47871369565528726,0.01,8,2,False,False,psi,0.01
17,"[1, 6]","{1: 'equivocate', 6: 'equivocate'}",0,2,0,"[1, 6]",2,0,"[1, 0, 0, 1, 0, 0, 1, 1, 1, 0]","[1, 1, 0, 0, 1, 0, 1, 0]","[0, 1, 0, 0, 1, 1, 1, 0]",0,1,1,0,0,1,0,1,0.3402260605657733,0.8264153104562553,0.01,8,2,False,False,psi,0.01
18,"[4, 5]","{4: 'equivocate', 5: 'equivocate'}",0,2,0,"[4, 5]",2,0,"[1, 1, 0, 0, 1, 0, 1, 1, 0, 1]","[0, 0, 1, 1, 0, 1, 0, 1]","[0, 0, 1, 0, 1, 1, 0, 1]",1,1,0,0,1,1,0,1,0.3402260605657732,0.8264153104562553,0.01,8,2,False,False,psi,0.01
19,"[3, 8]","{3: 'withhold', 8: 'equivocate'}",0,1,1,"[3, 8]",2,0,"[1, 1, 0, 1, 0, 0, 0, 0, 1, 0]","[0, 1, 0, 0, 0, 0, 1, 1]","[0, 1, 0, 0, 0, 0, 1, 0]",0,0,1,0,0,0,0,1,0.4787136956552874,0.8264153104562553,0.01,8,2,False,False,psi,0.01
0,"[2, 6]","{6: 'coherent_flip', 2: 'withhold'}",1,0,1,[2],1,1,"[1, 0, 1, 1, 1, 0, 1, 1, 0, 1]","[1, 1, 1, 0, 1, 0, 0, 1]","[1, 1, 1, 0, 1, 0, 0, 1]",1,0,0,0,0,0,0,0,0.4904607926820953,0.4904607926820953,0.02,8,2,False,False,psi,0.02
1,"[2, 5]","{5: 'withhold', 2: 'equivocate'}",0,1,1,"[2, 5]",2,0,"[1, 1, 1, 1, 0, 1, 0, 0, 1, 0]","[1, 0, 0, 1, 0, 0, 0, 0]","[1, 1, 0, 1, 0, 0, 0, 0]",1,1,0,0,1,0,0,0,0.37911288533109905,0.40108815069972137,0.02,8,2,False,False,psi,0.02
2,"[1, 3]","{3: 'withhold', 1: 'coherent_flip'}",1,0,1,[3],1,1,"[1, 0, 0, 1, 1, 1, 1, 0, 1, 1]","[1, 1, 1, 1, 1, 0, 1, 1]","[1, 1, 1, 1, 1, 0, 1, 1]",1,0,1,1,1,1,0,0,0.4010881506997214,0.4010881506997214,0.02,8,2,False,False,psi,0.02
3,"[3, 4]","{3: 'withhold', 4: 'equivocate'}",0,1,1,"[3, 4]",2,0,"[1, 0, 1, 1, 1, 0, 0, 0, 1, 1]","[1, 1, 1, 1, 0, 0, 1, 1]","[1, 1, 1, 0, 0, 0, 1, 1]",0,0,1,0,0,0,0,1,0.49046079268209525,0.7293381712870847,0.02,8,2,False,False,psi,0.02
4,"[4, 7]","{4: 'equivocate', 7: 'equivocate'}",0,2,0,"[4, 7]",2,0,"[1, 1, 0, 0, 1, 0, 1, 1, 0, 0]","[0, 0, 1, 1, 1, 1, 1, 0]","[0, 0, 1, 0, 1, 1, 0, 0]",0,1,1,0,0,1,0,1,0.379112885331099,0.7293381712870846,0.02,8,2,False,False,psi,0.02
5,"[1, 7]","{1: 'withhold', 7: 'coherent_flip'}",1,0,1,[1],1,1,"[0, 1, 1, 0, 1, 0, 1, 1, 0, 0]","[0, 0, 1, 0, 1, 1, 1, 0]","[0, 0, 1, 0, 1, 1, 1, 0]",0,1,0,1,0,1,1,1,0.771608334000012,0.771608334000012,0.02,8,2,True,False,zero,0.02
6,"[2, 5]","{2: 'withhold', 5: 'equivocate'}",0,1,1,"[2, 5]",2,0,"[0, 0, 0, 1, 0, 0, 0, 1, 0, 1]","[0, 1, 0, 0, 1, 1, 0, 1]","[0, 1, 0, 0, 0, 1, 0, 1]",1,0,1,1,1,0,0,1,0.40108815069972126,0.7293381712870849,0.02,8,2,False,False,psi,0.02
7,"[1, 8]","{1: 'withhold', 8: 'coherent_flip'}",1,0,1,[1],1,1,"[1, 0, 0, 1, 0, 0, 1, 0, 0, 1]","[0, 1, 0, 0, 1, 0, 0, 0]","[0, 1, 0, 0, 1, 0, 0, 0]",0,0,1,0,1,0,0,0,0.4904607926820952,0.4904607926820952,0.02,8,2,False,False,psi,0.02
8,"[1, 6]","{1: 'withhold', 6: 'coherent_flip'}",1,0,1,[1],1,1,"[1, 0, 0, 1, 0, 0, 1, 0, 0, 1]","[0, 1, 0, 0, 1, 1, 0, 1]","[0, 1, 0, 0, 1, 1, 0, 1]",0,0,1,0,1,0,0,0,0.4904607926820952,0.4904607926820952,0.02,8,2,False,False,psi,0.02
9,"[4, 5]","{5: 'coherent_flip', 4: 'coherent_flip'}",2,0,0,[],0,2,"[0, 1, 1, 1, 1, 1, 0, 1, 0, 1]","[1, 1, 1, 0, 1, 1, 0, 1]","[1, 1, 1, 0, 1, 1, 0, 1]",1,0,0,1,0,1,0,0,0.228391665999988,0.228391665999988,0.02,8,2,True,True,zero,0.02
10,"[1, 2]","{2: 'withhold', 1: 'equivocate'}",0,1,1,"[1, 2]",2,0,"[0, 1, 1, 0, 0, 0, 0, 1, 1, 0]","[0, 0, 0, 0, 0, 1, 1, 0]","[1, 0, 0, 0, 0, 1, 1, 0]",0,0,0,1,0,0,0,1,0.40108815069972137,0.7293381712870846,0.02,8,2,False,False,psi,0.02
11,"[4, 7]","{4: 'coherent_flip', 7: 'equivocate'}",1,1,0,[7],1,1,"[1, 0, 1, 1, 1, 0, 1, 0, 0, 1]","[1, 1, 1, 1, 1, 0, 1, 1]","[1, 1, 1, 1, 1, 0, 0, 1]",0,0,1,1,1,0,0,0,0.228391665999988,0.228391665999988,0.02,8,2,True,True,zero,0.02
12,"[4, 7]","{7: 'equivocate', 4: 'coherent_flip'}",1,1,0,[7],1,1,"[0, 1, 0, 0, 0, 1, 0, 1, 0, 1]","[0, 0, 0, 0, 0, 1, 0, 1]","[0, 0, 0, 0, 0, 1, 1, 1]",0,0,1,0,1,1,0,0,0.4904607926820953,0.37911288533109905,0.02,8,2,False,False,psi,0.02
13,"[4, 5]","{4: 'equivocate', 5: 'equivocate'}",0,2,0,"[4, 5]",2,0,"[0, 0, 0, 0, 0, 1, 1, 0, 1, 1]","[0, 0, 0, 0, 0, 0, 1, 1]","[0, 0, 0, 1, 1, 0, 1, 1]",0,0,1,1,0,0,0,1,0.3791128853310991,0.7293381712870848,0.02,8,2,False,False,psi,0.02
14,"[7, 8]","{8: 'coherent_flip', 7: 'coherent_flip'}",2,0,0,[],0,2,"[0, 1, 1, 0, 0, 0, 1, 1, 0, 1]","[0, 0, 0, 0, 1, 1, 1, 1]","[0, 0, 0, 0, 1, 1, 1, 1]",1,0,1,0,1,0,1,1,0.7293381712870846,0.7293381712870846,0.02,8,2,False,False,psi,0.02
15,"[1, 3]","{3: 'equivocate', 1: 'coherent_flip'}",1,1,0,[3],1,1,"[0, 1, 0, 0, 1, 0, 1, 0, 1, 0]","[1, 1, 0, 0, 1, 0, 1, 1]","[1, 1, 1, 0, 1, 0, 1, 1]",1,1,1,1,1,0,1,0,0.7293381712870849,0.40108815069972126,0.02,8,2,False,False,psi,0.02
16,"[3, 8]","{8: 'coherent_flip', 3: 'withhold'}",1,0,1,[3],1,1,"[1, 1, 0, 1, 0, 1, 1, 1, 1, 0]","[0, 1, 0, 1, 1, 1, 1, 1]","[0, 1, 0, 1, 1, 1, 1, 1]",0,1,1,1,1,1,0,0,0.49046079268209525,0.49046079268209525,0.02,8,2,False,False,psi,0.02
17,"[5, 8]","{5: 'withhold', 8: 'equivocate'}",0,1,1,"[5, 8]",2,0,"[0, 1, 1, 1, 0, 1, 0, 0, 0, 0]","[1, 1, 0, 1, 0, 0, 0, 1]","[1, 1, 0, 1, 0, 0, 0, 0]",1,1,0,1,1,1,0,1,0.4904607926820953,0.7293381712870846,0.02,8,2,False,False,psi,0.02
18,"[5, 7]","{5: 'coherent_flip', 7: 'coherent_flip'}",2,0,0,[],0,2,"[0, 1, 0, 0, 1, 0, 0, 0, 1, 0]","[0, 0, 1, 0, 1, 0, 0, 0]","[0, 0, 1, 0, 1, 0, 0, 0]",1,0,1,0,1,0,1,1,0.7293381712870849,0.7293381712870849,0.02,8,2,False,False,psi,0.02
19,"[1, 6]","{6: 'coherent_flip', 1: 'coherent_flip'}",2,0,0,[],0,2,"[0, 0, 1, 1, 1, 0, 0, 0, 1, 1]","[0, 1, 1, 0, 0, 1, 1, 0]","[0, 1, 1, 0, 0, 1, 1, 0]",0,1,0,0,0,0,0,0,0.4010881506997213,0.4010881506997213,0.02,8,2,False,False,psi,0.02
